<?xml version="1.0" standalone="yes"?>
<?xml-stylesheet type='text/xsl' href='firstxsl.xsl'?>
<league>
  <team>
    <name>Frog's Team</name>
    <result>1-0</result>
    <color>Green</color>
  </team>
  <team>
    <name>Gazelle's Team</name>
    <result>3-2</result>
    <color>Brown</color>
  </team>
  <team>
    <name>Shark's Team</name>
    <result>2-2</result>
    <color>Grey</color>
  </team>
  <team>
    <name>Owl's Team</name>
    <result>5-2</result>
    <color>Black</color>
  </team>
</league>
